Pregunta;Respuesta_Esperada;RAG_Final_Resp;Evaluacion_Juez
¿A cuanto llego a subir Trump los aranceles a China?;145%.;Según la información proporcionada, Trump elevó los aranceles a China hasta el 145%.;CORRECTO
¿Cuánto dinero perdió Elon Musk tras el anuncio de los aranceles?;17.800 millones de dólares.;Según el texto, Elon Musk perdió 17.800 millones de dólares en solo dos jornadas después de que Trump anunciara su paquete arancelario. Además, se menciona que en total, la caída del patrimonio personal de Musk ha sido de más de 63.000 millones de euros en este 2025. Sin embargo, en la otra noticia se menciona que Musk ha perdido alrededor de 31.000 millones de dólares.;CORRECTO
¿Qué opinó el Rey de España sobre los aranceles de Trump a China?;No tengo información suficiente en mis archivos.;No tengo información suficiente en mis archivos.;CORRECTO
¿Qué declaraciones hizo Elon Musk sobre los aranceles de donald Trump a China?;No tengo información suficiente en mis archivos.;No tengo información suficiente en mis archivos.;CORRECTO
¿Qué relación quiere Elon Musk entre Estados Unidos y Europa según sus declaraciones en Italia?;Quiere una zona de libre comercio con aranceles cero.;"Según sus declaraciones en Italia, Elon Musk espera que haya una completa libertad de comercio entre Estados Unidos y Europa, avanzando hacia una situación de ""arancel cero"" y creando efectivamente una zona de libre comercio entre Europa y Norteamérica. También desea una mayor libertad de movimiento entre Europa y Estados Unidos, permitiendo que la gente pueda trabajar en cualquier lugar sin restricciones.";CORRECTO
¿Qué presidente firmó un decreto para centralizar la regulación de la inteligencia artificial?;Donald Trump.;El presidente Donald Trump firmó un decreto para centralizar la regulación de la inteligencia artificial.;CORRECTO
¿Por qué Donald Trump quiere quitar a los estados el derecho a regular la inteligencia artificial por su cuenta?;Debe haber un único manual si queremos seguir liderando en inteligencia artificial;Según el texto, Donald Trump quiere quitar a los estados el derecho a regular la inteligencia artificial por su cuenta porque considera que debe haber un único manual para liderar en inteligencia artificial y que, con 50 estados involucrados en las reglas y el proceso de aprobación, la IA podría ser destruida en su infancia. También menciona que Estados Unidos quiere mantener el liderazgo en este terreno por razones de seguridad nacional, especialmente frente a China.;CORRECTO
¿Qué opinó Felipe González sobre el decreto de inteligencia artificial de Trump?;No tengo información suficiente en mis archivos.;No tengo información suficiente en mis archivos.;CORRECTO
¿Por cuántas temporadas ha fichado Kylian Mbappé con el Real Madrid?;Por cinco temporadas.;Kylian Mbappé ha fichado con el Real Madrid por 5 temporadas.;CORRECTO
¿Por qué el artículo de El País dice que el comunicado del fichaje de Mbappé cayó en medio de una resaca emocional?;Porque el anuncio se hizo menos de 24 horas después de que terminaran las celebraciones por la 15ª Copa de Europa del Real Madrid.;No tengo información suficiente en mis archivos.;INCORRECTO
¿Cuál dijo Pedro Sánchez que era su principal prioridad en la clausura del 41 Congreso Federal del PSOE?;ganar las elecciones municipales y autonómicas de 2027 y volver a gobernar en toda España;"Ganar las elecciones municipales y autonómicas de 2027 y ""volver a gobernar en toda España"".";CORRECTO
¿Cuando dimitió Pedro Sánchez como presidente?;No tengo información suficiente en mis archivos.;No tengo información suficiente en mis archivos.;CORRECTO
¿Cuanto patrimonio tiene Elon Musk?;Mas de 400.000 millones de dólares;Según el texto, Elon Musk posee una fortuna de 421.200 millones de dólares, aunque en otro momento se menciona que su fortuna alcanza los 450.000 millones de dólares y también se menciona una cifra de 447.000 millones de dólares.;CORRECTO
¿Por qué fue demandado Elon Musk por la Fiscalía de Filadelfia en 2024?;Porque prometió dar 1 millón de dolares a votantes de las elecciones;Fue demandado por ofrecer sortear 1 millón de dólares a los votantes que se registren para votar en las elecciones del 5 de noviembre, lo que se considera interferencia electoral y una práctica comercial desleal.;CORRECTO
¿Cuántos bitcoins propuso repartir Donald Trump como renta básica universal?;No tengo información suficiente en mis archivos.;No tengo información suficiente en mis archivos.;CORRECTO
¿Cuántas personas murieron en la dana de Valencia?;227 personas.;Según el texto, la cifra de fallecidos por la dana de Valencia se eleva a 227 personas, según el cómputo de dos juzgados. Sin embargo, en otra noticia se menciona que la cifra es de 224 personas fallecidas. La cifra más actualizada mencionada en el texto es 227 personas.;CORRECTO
¿Qué enfermedades se asocian al uranio de los proyectiles antitanque utilizados en la guerra en Ucrania?;Algunos estudios lo asocian con cáncer, problemas renales o efectos en el desarrollo infantil.;Según el texto, se asocian al uranio empobrecido enfermedades como el cáncer, problemas renales y efectos en el desarrollo infantil.;CORRECTO
¿Por qué el aumento de polacos y ucranianos que compran vivienda en España para huir de la guerra apenas recurre a la financiación de una hipoteca?;Porque tienen un poder adquisitivo elevado y un patrimonio alto que les permite no necesitar una hipoteca.;Según el texto, apenas uno de cada cuatro compradores de Europa del Este recurre a una hipoteca para comprar su vivienda porque su patrimonio es reseñable y pueden pagar al contado sin problemas.;CORRECTO
¿A quién designó Donald Trump para servir como secretario de Defensa en 2025?; Donald Trump designó a Pete Hegseth.;Pete Hegseth, presentador del programa Fox and Friends y antiguo militar.;CORRECTO
¿Cuántos soldados estadounidenses ha prometido enviar Donald Trump para formar una fuerza de paz en Ucrania?;No tengo información suficiente en mis archivos.;No tengo información suficiente en mis archivos.;CORRECTO
¿Qué cantidad económica donó el Grupo Renault a los afectados por la DANA en Valencia y quién es el CEO de la compañía?;Donó un millón de euros y su CEO es Luca de Meo.;El Grupo Renault donó un millón de euros a los afectados por la DANA en Valencia. El CEO de la compañía es Luca de Meo.;CORRECTO
Durante su concierto en Valencia, ¿qué canción improvisó Bryan Adams y con qué propósito en relación a la DANA?;Improvisó una versión de 'Come Together' de The Beatles como símbolo de unión entre el artista y la comunidad afectada.;Durante su concierto en Valencia, Bryan Adams improvisó una versión de 'Come Together', de The Beatles, como símbolo de unión entre el artista y la comunidad afectada por la DANA.;CORRECTO
¿Qué cantidad económica donó el futbolista Kylian Mbappé a los afectados por la DANA de Valencia?;No tengo información suficiente en mis archivos.;No tengo información suficiente en mis archivos.;CORRECTO
¿A quien iba dirigido el mensaje en el tapiz floral de la Basílica durante la festividad de la patrona de Valencia tras el paso de la DANA?;a los voluntarios que acudieron a las zonas afectadas para ayudar de manera desinteresada tras la dana;El mensaje en el tapiz floral iba dirigido a los voluntarios que acudieron a las zonas afectadas para ayudar de manera desinteresada tras la dana.;CORRECTO
¿Con cuántas psicólogas especialistas se reforzó la atención del teléfono 016 en los municipios afectados por la DANA en Valencia?;Con cuatro psicólogas especialistas.;El teléfono 016 se ha reforzado con cuatro psicólogas especialistas en la zona afectada por la DANA en Valencia.;CORRECTO
Ante el retraso de SpaceX en la misión a la Luna y la actual guerra en la NASA por su jefatura, ¿a qué otra empresa mencionó el administrador interino Sean Duffy para abrir los contratos del módulo de aterrizaje?;Mencionó a Blue Origin, la empresa de Jeff Bezos.;Blue Origin, la compañía espacial de Jeff Bezos.;CORRECTO
¿Qué fallo provocó que la nave Hakuto-R de SpaceX se estrellara en su intento anterior en 2023?;Se estrelló porque calculó mal su descenso al pasar sobre un cráter, debido a datos imprecisos sobre la altitud y problemas de software.;No tengo información suficiente en mis archivos.;INCORRECTO
¿Qué astronauta lidera la tripulación del módulo Blue Ghost en las nuevas misiones a la Luna de SpaceX?;No tengo información suficiente en mis archivos (el texto especifica que es una misión no tripulada).;No tengo información suficiente en mis archivos.;CORRECTO
¿Por qué la nueva vacuna de ARN para el tratamiento del cáncer se tiene que elaborar de manera personalizada para cada paciente?;Porque los neoantígenos son proteínas anómalas que resultan de mutaciones genéticas, y el perfil de mutaciones es distinto y único en el tumor de cada paciente.;La nueva vacuna de ARN para el tratamiento del cáncer se tiene que elaborar de manera personalizada para cada paciente porque cada tumor tiene un perfil de mutaciones genéticas distinto, lo que significa que los neoantígenos (proteínas anómalas resultantes de mutaciones genéticas) son diferentes en cada tumor y en cada paciente. Por lo tanto, la vacuna debe ser diseñada específicamente para cada paciente para que el sistema inmune pueda reconocer y atacar las células cancerosas de manera efectiva.;CORRECTO
¿Qué tipo de cáncer específico le fue diagnosticado al rey Carlos III?;No tengo información suficiente en mis archivos.;No tengo información suficiente en mis archivos.;CORRECTO
¿Cuánto dinero aproximado le quedó limpio a Carlos Alcaraz por ganar su sexto Grand Slam tras pagar los impuestos federales y de Nueva York?;Le quedan aproximadamente 2,7 millones de dólares.;Según el texto, después de pagar los impuestos federales y de Nueva York, a Carlos Alcaraz le quedaron aproximadamente 2.7 millones de dólares.;CORRECTO
¿Qué golpe fundamental ha modificado Carlos Alcaraz en su juego para el Open de Australia??;Ha modificado su saque (el servicio).;El saque. Ha modificado el swing en el servicio, haciéndolo más fluido.;CORRECTO
Mientras el precio de la vivienda frenaba su subida en verano, ¿En que dos comunidades bajó el precio?;En Castilla-La Mancha (caída del 12,8%) y Asturias (caída del 3,1%).;Según el texto, las dos comunidades donde bajó el precio de la vivienda fueron Castilla-La Mancha, con una caída del 12,8%, y Asturias, con una caída del 3,1%.;CORRECTO
¿Qué medida propone Santiago Niño Becerra para evitar la constante revalorización del mercado y poner solución a los problemas de vivienda en España?;Propone crear un gran parque de vivienda pública destinado exclusivamente al alquiler.;Santiago Niño Becerra propone crear un parque de vivienda pública en alquiler para solucionar el problema de la revalorización y poner solución a los problemas de vivienda en España. También menciona que España necesitaría 650.000 viviendas de alquiler social y 1,5 millones de viviendas públicas de alquiler social para equipararse con la Unión Europea. Además, sugiere que la construcción de 200.000 viviendas públicas de alquiler en tres años podría hacer que los precios y alquileres bajen.;CORRECTO
¿A partir de que día se prohibe Tiktok en Estados Unidos?;A partir del domingo 19 de enero de 2025.;A partir del 19 de enero.;CORRECTO
¿Qué jugadores metieron gol para asegurar el 2-1 en el España-Inglaterra, dándole a España su cuarta Eurocopa?;Nico Williams y Mikel Oyarzabal.;Nico Williams y Oyarzabal.;CORRECTO
¿Qué dos hechos deportivos que sucedieron el mismo dia hicieron que L'Équipe titulara 'los nuevos reyes de España'?;Porque coincidió que en el mismo día los futbolistas de la selección se proclamaron campeones de Europa y el tenista Carlos Alcaraz retuvo su título en Wimbledon.;"El diario L'Équipe tituló ""los nuevos reyes de España"" debido a que Carlos Alcaraz retenía su título en Wimbledon y los futbolistas de la selección española se proclamaban campeones de Europa por cuarta vez, ambos eventos ocurriendo el mismo día.";CORRECTO
¿Cuántos autogoles o goles en propia puerta se le atribuyen a Harry Kane en la final de la Eurocopa 2024;Ninguno;No tengo información suficiente en mis archivos;INCORRECTO
Tras el partido en el que la España de las finales vuelve a ganar la Liga de Naciones, ¿qué entrenadora alemana fue destituida de su cargo?;No tengo información suficiente en mis archivos.;No tengo información suficiente en mis archivos.;CORRECTO
Tras el giro del precio del aceite de oliva, ¿a cuánto vende el supermercado Alcampo su garrafa de 5 litros de la marca Suroliva?;A 30,90 euros.;El supermercado Alcampo vende su garrafa de 5 litros de la marca Suroliva a 30,90 euros. Cada litro cuesta 6,18 euros.;CORRECTO
¿Cuáles son las razones por las que la garrafa de 5 litros de aceite Suroliva ha bajado a 30,90 euros?;debido a una combinación de factores que incluyen la necesidad de liberar stock, la anticipación de una buena cosecha que estabilizará la oferta y la competencia entre supermercados para atraer a los consumidores.;Las razones detrás de este cambio incluyen la necesidad de liberar stock, especialmente de aceites que fueron adquiridos a precios más altos, y la anticipación de una buena cosecha que estabilizará la oferta.;CORRECTO
¿Qué cadena de supermercados está regalando garrafas de aceite de oliva en Madrid para compensar los problemas de la sequía?;No tengo información suficiente en mis archivos.;No tengo información suficiente en mis archivos.;CORRECTO
¿De cuántos millones ha sido el impacto económico en Madrid por la hostelería gracias a los conciertos de Taylor Swift?;10 millones de euros.;10 millones de euros por cada concierto.;CORRECTO
Durante su enorme impacto económico en la gira musical, ¿por qué Taylor Swift decidió interpretar las reediciones denominadas 'Taylor's Version' de sus antiguos álbumes?;Para recuperar la propiedad intelectual de su discografía después de que su discográfica anterior le quitara los derechos de sus primeros 7 albumes.;No tengo información suficiente en mis archivos.;INCORRECTO
Para los conciertos de Taylor Swift en Madrid, ¿qué famoso jugador de baloncesto subió al escenario del Santiago Bernabéu como invitado sorpresa?;No tengo información suficiente en mis archivos.;No tengo información suficiente en mis archivos.;CORRECTO
¿Cuánto dinero le cobró exactamente el presidente del Real Madrid a Taylor Swift por alquilar el estadio de fútbol?;No tengo información suficiente en mis archivos.;No tengo información suficiente en mis archivos.;CORRECTO
En relación con el calendario de los Juegos Olímpicos de París 2024, ¿en qué lugar exacto se celebrarán las competiciones de surf para aprovechar las olas?;En Teahupo’o, Tahití.;Las competiciones de surf en los Juegos Olímpicos de París 2024 se llevarán a cabo en Teahupo’o, Tahití.;CORRECTO
¿Qué material se utilizó específicamente para las palas de padel de los deportistas españoles en los Juegos de París 2024?;No tengo información suficiente en mis archivos.;No tengo información suficiente en mis archivos.;CORRECTO
¿Qué decisión anunció Emmanuel Macron tras la victoria de Le Pen?;Disolver de la Asamblea Nacional y convocar elecciones legislativas;Emmanuel Macron anunció la disolución de la Asamblea Nacional y la convocatoria de elecciones legislativas anticipadas.;CORRECTO
En los primeros cien días de su mandato para combatir la crisis, ¿a qué cifra de inflación anual se enfrentó Javier Milei en Argentina al cierre del año 2023?;A una inflación anual del 211,4%.;211,4% de inflación anual.;CORRECTO
Según la situación económica que vive la Argentina de Javier Milei con su alta inflación, ¿por qué motivo exacto una jueza de Nueva York rechazó al país la extensión del plazo para pagar la deuda de YPF?;Porque consideró que el Gobierno argentino no había tomado medidas reales para afrontar el pago de la indemnización ni tenía un cronograma establecido para hacerlo.;La jueza de Nueva York rechazó el pedido argentino para extender el plazo de los pagos porque, a pesar de simpatizar con la magnitud de los desafíos que enfrenta Argentina, consideró que el Ejecutivo no ha tomado medidas para afrontar el pago y no tiene un cronograma establecido para hacerlo.;CORRECTO
Tras convocar elecciones legislativas en Francia, ¿qué cargo público le ofreció Emmanuel Macron a Marine Le Pen para evitar dimitir?;No tengo información suficiente en mis archivos.;No tengo información suficiente en mis archivos;CORRECTO
¿Con qué porcentaje de votos ganó el partido de Los Republicanos las elecciones presidenciales de Francia en 2024?;No tengo información suficiente en mis archivos.;No tengo información suficiente en mis archivos.;CORRECTO
¿A qué jugador de la selección nacional de Francia despidió personalmente Javier Milei en Argentina tras el incidente con los cantos racistas?;No tengo información suficiente en mis archivos.;No tengo información suficiente en mis archivos.;CORRECTO
¿Cuántos millones de dólares confesó haber robado Javier Milei en la estafa del llamado Criptogate en Argentina?;No tengo información suficiente en mis archivos.;No tengo información suficiente en mis archivos.;CORRECTO
¿Qué actor protagoniza la película 'On the Waterfront' (1953) mencionada en el artículo de los Óscar?;Marlon Brando;No tengo información suficiente en mis archivos.;INCORRECTO
¿Qué sector profesional organizó las protestas conocidas como 'tractoradas' en distintos puntos de España?;Los agricultores.;El sector profesional que organizó las protestas conocidas como 'tractoradas' en distintos puntos de España es el sector agrario o primario, específicamente los agricultores y ganaderos.;CORRECTO
Según los reportes de RTVE de febrero de 2025, ¿con qué objetivo principal retomaron las tractoradas los agricultores en diferentes puntos de España?;Para pedir cambios en el sector y exigir derechos.;No tengo información suficiente en mis archivos.;INCORRECTO
¿En qué mes del año 2024 organizaron cientos de agricultores tractoradas con la intención de bloquear España?;En el mes de febrero.;No tengo información suficiente en mis archivos.;INCORRECTO
¿Qué tipo de vehículos utilizaron los agricultores en sus manifestaciones para intentar bloquear el país?;Tractores.;Los agricultores utilizaron tractores en sus manifestaciones para intentar bloquear el país.;CORRECTO
¿qué paso en España con cientos de agricultores el martes 6 de febrero de 2024?;El martes 6 de febrero de 2024, cientos de agricultores en España se movilizaron en protesta;El martes 6 de febrero, cientos de agricultores en España realizaron protestas improvisadas con tractores, colapsando carreteras y vías comarcales, para reclamar contra la crisis que atraviesa el campo por la sequía, el incremento de costes y los precios insuficientes, así como para denunciar la asfixia burocrática y medioambiental de la Política Agraria Común (PAC).;CORRECTO
¿Qué película ganó el premio a Mejor Película en la edición de los premios Oscar de 2025?;Anora.;La película que ganó el premio a Mejor Película en la edición de los premios Oscar de 2025 fue **Anora**.;CORRECTO
¿Qué cineasta ganó el premio Oscar a Mejor Director en 2025 por la película 'Anora'?;Sean Baker.;Sean Baker ganó el premio Oscar a Mejor Director en 2025 por la película 'Anora'.;CORRECTO
¿Qué actriz se llevó el Oscar a Mejor Actriz Protagonista por su papel en la película 'Anora'?;Mikey Madison.;Mikey Madison se llevó el Oscar a Mejor Actriz por su papel en la película 'Anora'.;CORRECTO
¿Qué actor logró el premio Oscar a Mejor Actor Protagonista en 2025 por su actuación en la película 'The Brutalist'?;Adrien Brody ganó el premio Óscar a Mejor Actor Protagonista en 2025.;No tengo información suficiente en mis archivos.;INCORRECTO
¿Cuál fue la película que ganó el Oscar a Mejor Película Internacional en 2025?;I'm Still Here (Aún estoy aquí) de Brasil.;"La película que ganó el Oscar a Mejor Película Internacional en 2025 fue ""I'm Still Here"" (Aún estoy aquí), de Brasil.";CORRECTO
¿Qué partido político sufrió una derrota histórica en las elecciones del Reino Unido en julio de 2024?;El Partido Conservador.;No tengo información suficiente en mis archivos.;INCORRECTO
Tras los resultados de las elecciones en el Reino Unido de 2024, ¿qué partido político formó el nuevo Gobierno;El Partido Laborista (Labour Party).;El Partido Laborista formó el nuevo Gobierno en el Reino Unido tras las elecciones de 2024.;CORRECTO
¿En qué país europeo se celebraron elecciones a principios de julio de 2024 en las que los conservadores sufrieron una derrota histórica?;En el Reino Unido.;No tengo información suficiente en mis archivos.;INCORRECTO
¿Qué política se convirtió en la primera mujer en encabezar el Ministerio de Economía en la historia del Reino Unido al formarse el nuevo Gobierno en 2024?;Rachel Reeves.;Rachel Reeves se convirtió en la primera mujer en encabezar el Ministerio de Economía en la historia del Reino Unido.;CORRECTO
¿Quién se convirtió en el nuevo primer ministro del Reino Unido tras la victoria del Partido Laborista en julio de 2024?;Keir Starmer.;Keir Starmer se convirtió en el nuevo primer ministro del Reino Unido tras la victoria del Partido Laborista.;CORRECTO
¿Qué nombre reciben las esperadas gafas de realidad mixta lanzadas por la empresa Apple?;Apple Vision Pro.;Las gafas de realidad mixta lanzadas por Apple se llaman Apple Vision Pro.;CORRECTO
¿Cuál fue el precio oficial de salida al mercado de las gafas Apple Vision Pro en dólares?;3.499 dólares.;El precio oficial de salida al mercado de las gafas Apple Vision Pro fue de 3.499 dólares.;CORRECTO
¿Qué caracteristica tiene el nuevo modelo de Apple Vision Pro para poder conectarlas a los Mac?;Una conexión física mediante cable.;El nuevo modelo de Apple Vision Pro tiene la característica de poder conectarse físicamente a un ordenador Mac mediante cable, lo que permite una conexión con latencia ultrabaja.;CORRECTO
¿En qué mes y año lanzó Apple al mercado estadounidense su primer dispositivo de gafas Vision Pro?;En febrero de 2024.;Febrero del año pasado.;CORRECTO
¿Qué empresa tecnológica es la creadora y fabricante de las populares gafas de realidad mixta llamadas Vision Pro?;Apple.;Apple es la creadora y fabricante de las gafas de realidad mixta llamadas Vision Pro.;CORRECTO
¿En qué fecha exacta se produjo el gran eclipse solar total que oscureció Norteamérica en 2024?;El 8 de abril de 2024.;No tengo información suficiente en mis archivos.;INCORRECTO
¿En qué tres países del continente americano se pudo observar la fase de totalidad del eclipse solar de abril de 2024?;México, Estados Unidos y Canadá.;México, Canadá y Estados Unidos.;CORRECTO
Según las noticias de abril de 2024, ¿qué fenómeno astronómico oscureció parte de Norteamérica atrayendo el gran interés de la ciencia?;Un eclipse solar total.;Un eclipse solar.;CORRECTO
¿En qué región concreta del continente americano se pudo aprovechar científicamente y de forma óptima el gran eclipse solar del 8 de abril de 2024?;En América del Norte (Norteamérica).;Se pudo aprovechar científicamente y de forma óptima en algunas zonas de Estados Unidos, México y Canadá.;CORRECTO
¿En qué fecha exacta se lanzó sin tripulación la misión Artemis I de la NASA?;El 16 de noviembre de 2022.;No tengo información suficiente en mis archivos.;INCORRECTO
¿Para qué mes y año está previsto ahora el lanzamiento de la misión Artemis II tras su aplazamiento?;Para abril de 2026.;Según la NOTICIA 1, el lanzamiento de Artemis II está previsto para abril de 2026, aunque la NASA tratará de adelantarlo a febrero.;CORRECTO
¿Qué modelo de trajes espaciales usarán los astronautas de la misión Artemis III en la superficie lunar?;Los trajes AxEMU.;Los astronautas de la misión Artemis III en la superficie lunar usarán trajes espaciales de última generación, como los AxEMU. Estos trajes son como “naves espaciales personales” que los protegerán de temperaturas extremas y les darán una gran movilidad para caminatas de hasta 8 horas.;CORRECTO
¿En qué estado de Estados Unidos se encuentra el Centro Marshall donde los ingenieros de la NASA han realizado simulaciones acústicas?;En Alabama.;No tengo información suficiente en mis archivos.;INCORRECTO
Según la NASA, ¿dónde caerá exactamente la nave Orión al regresar a la Tierra tras la misión Artemis II?;En el Pacífico oriental, cerca de la costa de la ciudad de San Diego.;Según la NASA, la nave Orión caerá en el Pacífico oriental, cerca de la costa de la ciudad estadounidense de San Diego.;CORRECTO
Según la consultora Drewry, ¿qué porcentaje exacto se elevó el flete de transporte marítimo entre Shanghái y Róterdam de enero a junio de 2024?;Un 233%.;No tengo información suficiente en mis archivos.;INCORRECTO
Debido al desvío de barcos por el Cabo de Buena Esperanza, ¿cuántas millas náuticas se incrementa el trayecto entre Shanghái y Génova?;4.878 millas.;No tengo información suficiente en mis archivos.;INCORRECTO
¿Cuál fue la única de las 10 principales navieras mundiales que registró pérdidas durante el inicio de la crisis del Mar Rojo en 2024?;Maersk.;No tengo información suficiente en mis archivos.;INCORRECTO
De acuerdo con el Banco de España, ¿cuál fue el porcentaje de retroceso de las ventas minoristas en la zona euro durante el año 2023?;Un 1% (un punto porcentual).;No tengo información suficiente en mis archivos;INCORRECTO
¿Cuánto tiempo duró el atasco provocado por el megabuque Ever Given en el Canal de Suez en el año 2021?;Seis días.;El atasco provocado por el megabuque Ever Given en el Canal de Suez en el año 2021 duró seis días.;CORRECTO
¿Cuál fue el índice de precios al consumidor (IPC) exacto registrado en Argentina durante el mes de diciembre de 2023?;Un 25,5%.;No tengo información suficiente en mis archivos.;INCORRECTO
Según el INDEC, ¿cuál fue la cifra oficial de inflación en Argentina correspondiente al mes de diciembre de 2024?;Un 2,7%.;No tengo información suficiente en mis archivos.;INCORRECTO
¿A qué porcentaje de la población argentina alcanzó la pobreza durante el primer semestre de 2024?;Al 52,9%.;La pobreza en Argentina alcanzó al 52.9% de la población durante el primer semestre de 2024.;CORRECTO
Según la política económica de Javier Milei, ¿a qué porcentaje mensual se mantuvo el ritmo de devaluación del peso durante 2024 para frenar la inflación?;A un ritmo del 2% mensual.;"Según la noticia 2, el régimen cambiario que implicaba una devaluación mensual del 1% se conoce como ""crawling peg"". Sin embargo, no se menciona que este ritmo de devaluación se mantuviera durante 2024 específicamente para frenar la inflación. En la noticia 1, se menciona que la brecha cambiaria ha caído de más del 150% a menos del 10% durante el primer año de gestión de Milei, pero no se proporciona un porcentaje mensual específico de devaluación. 

La respuesta correcta sería: No tengo información suficiente en mis archivos.";INCORRECTO
¿A cuánto asciende la indemnización (en dólares) que la jueza Loretta Preska sentenció que Argentina debe pagar por la nacionalización de YPF?;16.099 millones de dólares.;No tengo información suficiente en mis archivos.;INCORRECTO
¿Cuál es el nombre del gas inerte y del elemento radiactivo de vida corta que se producen como residuos en el proceso de fusión nuclear?;Helio y tritio.;Helio y tritio.;CORRECTO
Según los datos del Laboratorio Nacional Lawrence Livermore de 2022, ¿cuál fue la producción de energía obtenida mediante fusión nuclear medida en megajulios (MJ)?;Superior a 3,5 MJ.;No tengo información suficiente en mis archivos.;INCORRECTO
¿Qué organismo o laboratorio logró por primera vez generar más energía mediante fusión nuclear de la necesaria para llevarla a cabo?;El Laboratorio Nacional Lawrence Livermore (LLNL).;No tengo información suficiente en mis archivos.;INCORRECTO
Según la Agencia Internacional de la Energía (AIE), ¿cuál será la producción eléctrica generada por reactores nucleares en el mundo durante 2025?;2.900 TWh.;Según la noticia 1, la producción de electricidad nuclear en el mundo va a llegar a un nivel récord en 2025, pero no se proporciona un valor específico. Sin embargo, en la noticia 2 se menciona que este año (no se especifica el año, pero se puede inferir que es el año en curso) la producción eléctrica nacida de los reactores nucleares alcanzará los 2.900 TWh, el nivel más alto hasta la fecha. No se proporciona información específica sobre la producción en 2025, pero se puede inferir que podría ser similar o superior a este valor. ;CORRECTO
¿Qué porcentaje del suministro mundial de uranio enriquecido procede de Kazajistán, según los datos de la AIE en 2025?;Ninguno, Kazajistán extrae el uranio (43%), pero el uranio enriquecido procede de Rusia (40%).;No tengo información suficiente en mis archivos.;INCORRECTO
¿Qué dos compuestos químicos detectó el telescopio James Webb en la atmósfera del exoplaneta K2-18 b?;Dimetil sulfuro (DMS) y dimetil disulfuro (DMDS).;El telescopio James Webb detectó en la atmósfera del exoplaneta K2-18 b los compuestos químicos dimetil sulfuro (DMS) y dimetil disulfuro (DMDS).;CORRECTO
¿Cómo se ha bautizado a la cadena masiva de al menos 20 galaxias descubierta por el telescopio James Webb?;Cosmic vine.;La cadena masiva de al menos 20 galaxias descubierta por el telescopio James Webb se ha bautizado como ‘Cosmic vine’.;CORRECTO
Según el tamaño de la Vía Láctea detallado en la noticia, ¿cuántas veces es más ancha la estructura 'Cosmic vine' en comparación a nuestra galaxia?;Unas 6,5 veces más ancha (la Vía Láctea tiene 100.000 años luz de ancho y Cosmic vine 650.000).;Según la noticia, la Vía Láctea tiene unos 100.000 años luz de ancho, mientras que la estructura 'Cosmic vine' tiene unos 650.000 años luz de ancho. Por lo tanto, la estructura 'Cosmic vine' es aproximadamente 6,5 veces más ancha que la Vía Láctea.;CORRECTO
¿Cuál era el diámetro del espejo primario del Telescopio Espacial Hubble en comparación con los 6.5 metros del James Webb?;2,4 metros.;No tengo información suficiente en mis archivos.;INCORRECTO
¿En qué año lanzó el científico James Webb personalmente la primera sonda interplanetaria a Marte?;No tengo información suficiente en mis archivos.;No tengo información suficiente en mis archivos.;CORRECTO
¿Qué observatorio espacial detectó por primera vez el potente resplandor de rayos gamma GRB 250314A en marzo?;El observatorio espacial SVOM (un proyecto conjunto entre Francia y China).;No tengo información suficiente en mis archivos.;INCORRECTO
¿Cuántos años después del Big Bang ocurrió aproximadamente la explosión de la supernova captada por el Telescopio Muy Grande (VLT)?;Aproximadamente 730 millones de años después del Big Bang.;730 millones de años después del Big Bang.;CORRECTO
En su discurso desde el balcón del Palacio Nacional, ¿qué porcentaje exacto de los votos afirmó Nayib Bukele haber logrado en las elecciones presidenciales?;Más del 85% de los votos.;Más del 85% de los votos.;CORRECTO
Antes de fundar el movimiento Nuevas Ideas, ¿de qué partido político provocó Nayib Bukele su propia expulsión en el año 2017?;Del Frente Farabundo Martí para la Liberación Nacional (FMLN).;El partido político del que Nayib Bukele provocó su propia expulsión en 2017 fue el Frente Farabundo Martí para la Liberación Nacional (FMLN).;CORRECTO
Según los datos de la Policía Nacional Civil (PNC), ¿cuántos días consecutivos sin asesinatos se registraban en El Salvador el día de la jornada electoral?;El décimo séptimo (17) día consecutivo sin asesinatos.;Según los datos de la Policía Nacional Civil (PNC), se registraban 17 días consecutivos sin asesinatos en El Salvador el día de la jornada electoral.;CORRECTO
¿Cuál es la capacidad máxima de reclusos que tiene el Centro de Confinamiento del Terrorismo creado en El Salvador?;Tiene capacidad para 40.000 pandilleros.;El edificio donde se aloja a los detenidos tiene capacidad para unos 40.000 presos.;CORRECTO
¿Qué presidente Iraní tildó de fraude electoral la reelección de Nayib Bukele?;No tengo información suficiente en mis archivos.;No tengo información suficiente en mis archivos.;CORRECTO
Considerando las declaraciones de Katrin Deschauer, ¿reconoció Alemania oficialmente los resultados finales de las elecciones salvadoreñas el mismo lunes?;No, Alemania fue cauta porque el conteo oficial del Tribunal Supremo Electoral aún no había terminado.;"No, según la noticia, Katrin Deschauer, portavoz del Ministerio de Exteriores alemán, dijo que ""Hemos tomado nota de lo que está ocurriendo en El Salvador. Los electores parecen haberse decidido por el presidente Bukele aunque el conteo no ha terminado todavía"", lo que indica que Alemania no reconoció oficialmente los resultados finales de las elecciones salvadoreñas el mismo lunes.";CORRECTO
¿Para combatir qué dos enfermedades se aprobó en Reino Unido y Estados Unidos la primera terapia génica basada en el método CRISPR/Cas9?;La anemia de células falciformes y la beta talasemia.;La primera terapia génica basada en el método CRISPR/Cas9 se aprobó para combatir la anemia de células falciformes y la beta talasemia.;CORRECTO
¿De qué parte específica del cuerpo humano se extraen habitualmente las células madre mediante una punción en la cresta ilíaca?;De la médula ósea (en la cadera).;La médula ósea.;CORRECTO
¿Qué dos científicos recibieron el Premio Nobel por sus descubrimientos en torno a la reprogramación celular?;Yamanaka y Guston.;No tengo información suficiente en mis archivos.;INCORRECTO
Según las recomendaciones dermatológicas citadas en la noticia, ¿qué factor de protección solar mínimo (SPF) deben utilizar las personas de piel clara?;Factor 50 SPF.;No tengo información suficiente en mis archivos.;INCORRECTO
Si a un paciente le clasifican un carcinoma utilizando el sistema TNM y se centran en evaluar la letra 'M', ¿qué están buscando médicamente?;La existencia o no de metástasis.;No tengo información suficiente en mis archivos.;INCORRECTO
Según el descubrimiento de dos tipos de células madre responsables de formar las raíces dentales, ¿qué tipo de piezas bucales podrían hacer crecer los nuevos tratamientos?;Dientes naturales.;Dientes naturales.;CORRECTO
¿Cuántos metros de diámetro tendrá el túnel submarino proyectado para conectar Génova Oeste con Génova Este?;16 metros de diámetro.;El túnel submarino tendrá 16 metros de diámetro.;CORRECTO
¿En qué año está previsto que finalice la construcción del gran túnel submarino de Génova financiado por Autostrade per l'Italia?;En el año 2029.;Según el texto, la construcción del gran túnel submarino de Génova está prevista que finalice en el año 2029.;CORRECTO
¿Qué ciudad marroquí y qué ciudad española conectaría el tren que circulará por el futuro túnel submarino del Estrecho de Gibraltar?;Casablanca y Madrid.;El tren conectaría la ciudad marroquí de Casablanca con la ciudad española de Madrid.;CORRECTO
¿Cómo se llama la fragata que Alemania envió a Copenhague para proteger la doble cumbre de la UE frente a la amenaza de drones?;La fragata Hamburg.;La fragata que Alemania envió a Copenhague se llama Hamburg.;CORRECTO
Al ser avistados submarinos rusos en el Mar Báltico, ¿por qué los barcos de la defensa danesa justifican seguirlos como una práctica 'normal'?;Se hace con fines disuasorios y de vigilancia porque las embarcaciones rusas no pertenecen a la OTAN.;Según el jefe de servicio del centro de operaciones de Defensa danesa, Lars Wulff, las embarcaciones rusas son libres de navegar en las aguas del Mar Báltico, pero es común que sean seguidas por barcos de la defensa danesa durante su travesía con fines disuasorios y de vigilancia, dado que no pertenecen a la OTAN.;CORRECTO
¿Qué carguero ruso dañó presuntamente dos cables submarinos de telecomunicaciones en el Báltico en noviembre de 2024?;No tengo información suficiente en mis archivos.;No tengo información suficiente en mis archivos.;CORRECTO
En la cumbre COP29, ¿qué cantidad de dinero se aprobó movilizar para el año 2035 destinada a países en desarrollo?;300.000 millones de dólares.;No tengo información suficiente en mis archivos.;INCORRECTO
Según las estimaciones de los expertos mencionadas en la cumbre de Brasil, ¿a qué cifra ascienden las verdaderas necesidades financieras climáticas anuales exigidas para 2035?;A 1,3 billones de dólares.;Según la noticia 2, se menciona que el objetivo es movilizar 300.000 millones de dólares al año en 2035, y se busca incrementar esta cifra hasta los 1,3 billones de dólares.;CORRECTO
¿Cómo se llama el mecanismo de la Unión Europea que impondrá un cargo a las importaciones de bienes con altas emisiones de carbono a partir del 1 de enero de 2016?;Mecanismo de Ajuste en Frontera por Carbono.;No tengo información suficiente en mis archivos.;INCORRECTO
Teniendo en cuenta la postura de China en la cumbre, ¿se mostró este país abierto a debatir el acortamiento de los plazos para presentar sus planes de acción climática (NDC)?;No, China se ha mostrado firme en que no debería haber debate sobre estos planes.;No tengo información suficiente en mis archivos.;INCORRECTO
¿En qué ciudad de la Amazonia brasileña se celebró la conferencia de la ONU sobre el clima conocida como COP30?;En la ciudad de Belém.;La COP 30 se celebrará en Belém do Pará, en el corazón de la Amazonía.;CORRECTO
¿Qué nuevos compromisos de financiación aportó la delegación de Estados Unidos durante su intervención en la cumbre de Belém?;Ninguno, ya que Estados Unidos, a pesar de ser el mayor emisor histórico, estuvo ausente en la cumbre de Belém.;No tengo información suficiente en mis archivos.;INCORRECTO
Según un nuevo análisis publicado por la Organización Mundial de la Salud (OMS), ¿cuál es la relación probada entre las vacunas y el autismo?;Se confirma que no existe ninguna relación entre las vacunas y el autismo.;Según la OMS, no existe relación entre las vacunas y el autismo.;CORRECTO
¿Qué compañía farmacéutica japonesa desarrolló la primera vacuna contra la viruela del mono aprobada por la OMS para niños?;KM Biologics.;La farmacéutica japonesa KM Biologics desarrolló la vacuna contra la viruela del mono aprobada por la OMS para niños.;CORRECTO
¿A partir de qué edad puede utilizarse la vacuna contra la viruela del mono fabricada por KM Biologics?;A partir del primer año de edad.;A partir del primer año de edad.;CORRECTO
¿Cómo se llama la alianza que facilita las inmunizaciones en países en desarrollo y que precisa la aprobación de la OMS para llevar la vacuna a la República Democrática del Congo?;GAVI.;GAVI.;CORRECTO
¿Cuántos pacientes espera tener implantados el Instituto Chino de Investigación Cerebral (CIBR) con el chip Beinao No. 1 para finales de año?;Trece personas.;El Instituto Chino de Investigación Cerebral (CIBR) junto a la empresa NeuCyber NeuroTech podrían implementar el chip cerebral Beinao No. 1 en trece personas para finales de este año.;CORRECTO
¿Cuál es la empresa tecnológica que ha desarrollado el chip visual Prima, de dos milímetros cuadrados, plantando cara a Neuralink?;Science Corporation.;La empresa tecnológica que ha desarrollado el chip visual Prima es Science Corporation.;CORRECTO
Según la historia estratégica detallada en el artículo, ¿en qué año fundó Elon Musk la compañía Neuralink?;En 2026.;Según el texto, Elon Musk fundó Neuralink en 2026.;CORRECTO
¿Cuál es el peso exacto del implante biotecnológico desarrollado por Neuralink?;Cuatro gramos.;El implante biotecnológico desarrollado por Neuralink tiene un peso de cuatro gramos.;CORRECTO
¿Cuáles son las previsiones de facturación y número de pacientes implantados por curso que Neuralink espera alcanzar en el año 2031?;1.000 millones de facturación y 20.000 pacientes.;Según el texto, Neuralink espera alcanzar 1.000 millones de facturación y realizar implantes en 20.000 pacientes por curso en el año 2031.;CORRECTO
¿Cómo se llama el primer paciente humano que recibió el implante cerebral de Neuralink y que quedó tetrapléjico en 2016?;Noland Arbaugh.;Noland Arbaugh.;CORRECTO
¿Qué significan las siglas del ensayo PRIME en el que participa el primer paciente de Neuralink?;Precise Robotically Implanted Brain-Computer Interface.;No tengo información suficiente en mis archivos.;INCORRECTO
¿En qué hospital exacto de la ciudad de Nueva York se le implantó el chip al paciente Noland Arbaugh?;No tengo información suficiente en mis archivos.;No tengo información suficiente en mis archivos.;CORRECTO
Según el artículo sobre el desafío de Colombia frente a España, ¿a finales de qué siglo se hundió el navío San José?;A finales del siglo XVII.;Según el artículo, el galeón San José se hundió a finales del siglo XVII.;CORRECTO
Según la historia del buque, ¿qué día exacto fue hundido el galeón San José por una flota de corsarios ingleses?;El 8 de junio de 1708.;El galeón San José fue hundido el 8 de junio de 1708.;CORRECTO
¿Cuántas monedas de oro y plata recogidas en Portobelo (Panamá) llevaba aproximadamente el galeón en su interior?;Cerca de 11 millones de monedas de ocho escudos en oro y plata.;No tengo información suficiente en mis archivos.;INCORRECTO
¿Qué palabra concreta figura inscrita en el cañón de artillería extraído del galeón San José?;"La palabra ""Sevilla"".";"La palabra ""Sevilla"" figura inscrita en el cañón de artillería extraído del galeón San José.";CORRECTO
¿Qué dos personas elaboraron una escultura de chocolate del galeón San José sostenido por un pulpo gigante?;El chef pastelero Juan Arellano y Andrea Torres.;El chef pastelero Juan Arellano y Andrea Torres elaboraron la escultura de chocolate del galeón San José sostenido por un pulpo gigante.;CORRECTO
¿Cuál era el nombre del capitán corsario inglés que dio la orden de hundir personalmente el barco en 1708?;No tengo información suficiente en mis archivos.;No tengo información suficiente en mis archivos.;CORRECTO
¿Por qué motivo acudirá una delegación del pueblo Qhara Qhara como testigo a las operaciones submarinas en el galeón San José?;Para asegurarse de que el gobierno colombiano no se apropie bienes de los pueblos originarios.;No tengo información suficiente en mis archivos.;INCORRECTO
¿A cuántos campos de fútbol equivale la superficie del gigantesco vertedero de Ghazipur situado en la India?;A 35 campos de fútbol.;No tengo información suficiente en mis archivos;INCORRECTO
¿Cuál fue la concentración media exacta de microplásticos (MP) por litro detectada en el agua embotellada de las cinco marcas españolas analizadas?;0,7 MP por litro.;La concentración media exacta de microplásticos (MP) por litro detectada en el agua embotellada fue de 0,7 MP por litro.;CORRECTO
¿En qué revista científica se publicaron los resultados de la segunda parte del estudio centrada en el agua embotellada?;En la revista Scientific Reports.;En la revista Scientific Reports.;CORRECTO
Según las imágenes químicas del estudio peneano, ¿cuáles fueron los dos tipos de microplásticos más prevalentes encontrados en las muestras?;El tereftalato de polietileno (PET) y el polipropileno (PP).;Según el estudio, los dos tipos de microplásticos más prevalentes encontrados en las muestras de tejido del pene fueron el tereftalato de polietileno (PET) y el polipropileno (PP).;CORRECTO
Según el estudio publicado en mayo por el toxicólogo Matthew J. Campen, ¿cuántos testículos de perro se analizaron para compararlos con los 23 de humanos?;47 testículos de perro.;Según el texto, se analizaron 47 testículos de perro para compararlos con los 23 de humanos.;CORRECTO
¿Qué marca específica de agua embotellada fue la que dio un resultado más alto en toxinas en la investigación del toxicólogo Campen?;No tengo información suficiente en mis archivos.;No tengo información suficiente en mis archivos.;CORRECTO
¿En qué año exacto ha aprobado California la ley que prohibirá enviar chatarra electrónica de segunda mano a países de África?;No tengo información suficiente en mis archivos.;No tengo información suficiente en mis archivos.;CORRECTO
Basándonos en las cifras del estudio de Environplanet, ¿qué tipo de agua tiene una menor cantidad de partículas no plásticas de origen artificial (PANP) por litro: la de grifo o la embotellada?;El agua de grifo (presenta 0,0322 PANP/litro frente a los 1,70 del agua embotellada).;Según el estudio de Environplanet, el agua de grifo presenta una concentración media de 0,0322 PANP/litro, mientras que el agua embotellada tiene una concentración media de 1,70 PANP/litro. Por lo tanto, el agua de grifo tiene una menor cantidad de partículas no plásticas de origen artificial (PANP) por litro.;CORRECTO
¿Cómo se llama la versión de inteligencia artificial de Meta que sí llegará a la Unión Europea porque solo es compatible con texto?;Llama 3.;Llama 3.;CORRECTO
¿En cuántos idiomas estará disponible el asistente Meta AI en su versión europea enfocada únicamente en la generación de texto?;En seis idiomas.;El asistente Meta AI estará disponible en 6 idiomas en su versión europea.;CORRECTO
¿Cuánto dinero planea invertir la empresa Meta este año para hacer de la inteligencia artificial una prioridad estratégica?;Entre 60.000 y 65.000 millones de dólares.;No tengo información suficiente en mis archivos.;INCORRECTO
¿Qué cuantía económica tiene la multa que la Comisión Europea impuso a Meta en mayo por el uso de algoritmos adictivos?;No tengo información suficiente en mis archivos.;No tengo información suficiente en mis archivos.;CORRECTO
Atendiendo a las características de la versión europea de Meta AI, ¿utilizó la empresa los datos de los internautas europeos para entrenar a su asistente virtual?;No, Meta AI no se entrenó con datos de usuarios europeos.;Sí, Meta utilizará los datos de los usuarios europeos para entrenar a su asistente virtual, Meta AI. La empresa incluirá en estos datos el contenido público de los usuarios, como publicaciones, comentarios e historiales de conversación con Meta AI.;INCORRECTO
En el lugar de aterrizaje del módulo Chandrayaan-3, ¿qué temperatura máxima se alcanzó en una pendiente orientada hacia el Sol con un ángulo de 6 grados?;Alcanzó un máximo de 82 grados.;La temperatura máxima alcanzada en el lugar de aterrizaje del módulo Chandrayaan-3, en una pendiente orientada hacia el Sol con un ángulo de 6°, fue de 82 grados.;CORRECTO
¿Con qué instrumento tecnológico realizó el vehículo Pragyan sus 23 mediciones a lo largo de 103 metros en la superficie lunar?;Utilizando su espectrómetro de rayos X de partículas alfa.;No tengo información suficiente en mis archivos.;INCORRECTO
¿A qué distancia exacta de su ubicación deseada confirmó la NASA que había aterrizado de manera accidentada la sonda Athena?;A 400 metros de distancia.;La NASA confirmó que la sonda Athena aterrizó a 400 metros de distancia de la ubicación deseada.;CORRECTO
¿En qué fecha exacta logró Japón el alunizaje exitoso de su nave Smart Lander con su módulo inteligente SLIM?;El 20 de enero de 2024.;El 20 de enero.;CORRECTO
¿Cuál era el nombre del astronauta que controló de manera remota el aterrizaje de la sonda Athena desde el centro de control en Houston?;No tengo información suficiente en mis archivos.;No tengo información suficiente en mis archivos.;CORRECTO
¿Qué cantidad de kilos de roca lunar trajo a la Tierra la misión espacial china Chang'e 3 tras su alunizaje en el año 2013?;No tengo información suficiente en mis archivos.;No tengo información suficiente en mis archivos.;CORRECTO
¿En qué fecha exacta entra en funcionamiento el AVE que completa el recorrido entre Madrid, las capitales gallegas y Asturias?;A partir de este próximo martes, 21 de mayo.;El AVE que completa el recorrido entre Madrid y las capitales gallegas y se estrena en Asturias entrará en funcionamiento el próximo martes, 21 de mayo.;CORRECTO
¿Qué cantidad económica en indemnizaciones reclama Renfe a la empresa Talgo debido a los tres años y medio de retraso en la entrega de los trenes S-106?;166 millones de euros.;No tengo información suficiente en mis archivos.;INCORRECTO
Gracias a la puesta en marcha de los nuevos convoyes Avril, ¿cuántos minutos de viaje se ahorrarán los pasajeros que realicen el trayecto en alta velocidad entre Oviedo y Madrid?;Se reducirá el tiempo de viaje en 12 minutos.;No tengo información suficiente en mis archivos.;INCORRECTO
¿A qué velocidad máxima exacta circuló el tren con destino a Vigo mientras atravesaba los montes galaicos tras salir de Zamora?;No tengo información suficiente en mis archivos.;No tengo información suficiente en mis archivos.;CORRECTO
¿Cuántos trenes totales se incluían en el contrato que Renfe adjudicó a Talgo por 1.281 millones de euros en el año 2016?;30 trenes S106.;No tengo información suficiente en mis archivos.;INCORRECTO
Según las declaraciones del ministro Mario Marcel, ¿cuántas empresas en total presentaron propuestas al Gobierno de Chile para explotar los 26 salares disponibles?;54 empresas.;Según las declaraciones del ministro Mario Marcel, 54 empresas presentaron un total de 88 propuestas para explotar los 26 salares disponibles en Chile.;CORRECTO
¿En qué mes y año comenzará a operar comercialmente la nueva sociedad creada por Codelco y SQM para explotar el litio en el salar de Atacama?;En enero de 2025.;No tengo información suficiente en mis archivos.;INCORRECTO
Para garantizar el control del Estado en la nueva asociación público-privada entre Codelco y SQM, ¿qué participación accionarial mantendrá la empresa estatal?;Tendrá la mayoría de las acciones (el 50% más una).;La empresa estatal Codelco mantendrá una participación superior a 50 por ciento en la asociación.;CORRECTO
Durante el partido de clasificación disputado en Tiflis frente a Georgia, ¿qué jugador de la selección española anotó el primer gol de penalti en el minuto 11?;Mikel Oyarzabal.;Mikel Oyarzabal anotó el primer gol de penalti en el minuto 10, no en el 11.;CORRECTO
¿Cuál fue el porcentaje exacto de posesión de balón que tuvo la selección española en la segunda parte del partido contra Georgia?;No tengo información suficiente en mis archivos.;No tengo información suficiente en mis archivos.;CORRECTO
¿A qué precio exacto vendió la compañía SQM la tonelada de litio a China durante el último trimestre comercial de 2024?;No tengo información suficiente en mis archivos.;No tengo información suficiente en mis archivos.;CORRECTO
¿En qué ciudad española tiene su sede la Agencia Española de Supervisión de la Inteligencia Artificial (Aesia)?;En La Coruña.;La Agencia Española de Supervisión de la Inteligencia Artificial (Aesia) tiene su sede en A Coruña.;CORRECTO
¿Cuántas entradas tiene la clasificación europea de competencias conocida como ESCO?;Más de 13.000 entradas.;No tengo información suficiente en mis archivos;INCORRECTO
Según la información aportada por la Xunta, ¿cuántos puestos de trabajo calificados como de 'urgente cobertura' hay en Galicia que no se logran cubrir?;Unos 15.000 puestos.;No tengo información suficiente en mis archivos.;INCORRECTO
¿Qué gran empresa tecnológica estadounidense ha desarrollado la herramienta de inteligencia artificial EMi para la Xunta de Galicia?;No tengo información suficiente en mis archivos.;No tengo información suficiente en mis archivos.;CORRECTO
¿Qué empresa utiliza en California vehículos sin conductor para entregar suministros médicos?;La empresa Nuro.;No tengo información suficiente en mis archivos.;INCORRECTO
¿En qué ciudad de Colombia se celebra el VIII Congreso de Editores de Europa y América Latina?;En Cartagena de Indias.;El VIII Congreso de Editores de Europa y América Latina se celebra en Cartagena de Indias, Colombia.;CORRECTO
¿Qué tratamiento médico específico procedente de cadáveres generó casos de transmisión de alzhéimer entre personas?;Un tratamiento con hormona del crecimiento.;Un tratamiento con hormona del crecimiento procedente de cadáveres generó casos de transmisión de alzhéimer entre personas.;CORRECTO
¿Cómo se llama el fármaco oral en fase de estudio que busca prevenir el Alzheimer bloqueando los oligómeros amiloides?;ALZ-801.;El fármaco oral en fase de estudio se llama ALZ-801.;CORRECTO
¿Qué herramienta de inteligencia artificial utiliza Google para acelerar el estudio de proteínas relacionadas con el Alzheimer?;AlphaFold.;AlphaFold;CORRECTO
¿Quién es el autor colombiano del libro de poesía 'Grietas de la luz' (2024) que honra la memoria de sus abuelas?;Federico Díaz Granados.;El autor colombiano del libro de poesía 'Grietas de la luz' (2024) es Federico Díaz Granados.;CORRECTO
¿En qué año exacto descubrió Google la cura definitiva para el Alzheimer con su IA AlphaFold?;No tengo información suficiente en mis archivos.;No tengo información suficiente en mis archivos.;CORRECTO
¿Cuál fue la cifra exacta de recaudación de la tasa turística en la comarca del Maresme durante el año 2024?;4.662.602 euros.;La recaudación de la tasa turística en la comarca del Maresme durante el año 2024 fue de 4.662.602 euros.;CORRECTO
Según el informe del Maresme, ¿cuál es el porcentaje de hombres que integran el perfil del turista en la comarca?;El 64,1%.;64,1% de hombres integran el perfil del turista en la comarca del Maresme.;CORRECTO
Según las previsiones del Ministerio de Industria y Turismo en 2023, ¿cuántos millones de euros de gasto generaron los turistas internacionales en España?;Más de 108.000 millones de euros.;Según las previsiones del Ministerio de Industria y Turismo en 2023, los turistas internacionales generaron más de 108.000 millones de euros de gasto en España.;CORRECTO
De acuerdo con los datos de Mesa del Turismo, ¿cuántos turistas mexicanos aproximadamente visitaron España el año pasado?;Más de un millón de mexicanos.;No tengo información suficiente en mis archivos.;INCORRECTO
¿Qué porcentaje exacto de impuestos aplicará Donald Trump a los turistas españoles que viajen a Nueva York?;No tengo información suficiente en mis archivos.;No tengo información suficiente en mis archivos.;CORRECTO
¿Qué porcentaje cayeron las ventas de la marca Tesla en España durante el mes de octubre?;Un 31%.;Según la Noticia 1, las ventas de Tesla en España cayeron un 31% en octubre.;CORRECTO
¿Cuáles son los nombres de los dos gigantes chinos que concentran más del 50% del suministro global de baterías para coches eléctricos?;CATL y BYD.;CATL y BYD.;CORRECTO
¿Cómo se denomina comercialmente la batería de producción propia que fabrica la empresa automovilística BYD a través de su filial FinDreams Battery?;Blade Battery.;"La batería de producción propia de BYD se denomina comercialmente ""Blade Battery"".";CORRECTO
Según un nuevo estudio, ¿a qué porcentaje anual ha bajado la tasa de degradación de las baterías de coches eléctricos en los últimos cinco años?;Ha bajado al 1,8% anual.;Según un nuevo estudio, la tasa de degradación de las baterías de coches eléctricos ha bajado del 2,3% al 1,8% anual, lo que supone una disminución del 22% en los últimos cinco años.;CORRECTO
¿Cuántas gigafactorías de baterías tiene actualmente operativas la marca BYD en territorio español?;No tengo información suficiente en mis archivos.;No tengo información suficiente en mis archivos.;CORRECTO
¿Cuántas hectáreas de olivar dedica la Cooperativa Olivarera de Los Pedroches (Olipe) al cultivo biodinámico?;300 hectáreas.;La Cooperativa Olivarera de Los Pedroches (Olipe) dedica 300 hectáreas de olivar al cultivo biodinámico.;CORRECTO
De acuerdo con la reforma presupuestaria que se debate en las instituciones comunitarias, ¿qué porcentaje de reducción de fondos podrían sufrir las ayudas de la Política Agraria Común (PAC)?;Una reducción del 20%.;Un 22% (80.000 euros menys).;INCORRECTO
¿Cuántos puntos recogía el pacto que firmaron los agricultores de la plataforma Gremi de la Pagesia con el departament d’Agricultura de Cataluña?;19 puntos.;El pacto recogía 19 puntos.;CORRECTO
¿Cuántos años llevaba en su cargo el coordinador de Unió de Pagesos, Joan Caball, antes de certificarse su relevo?;25 años.;25 años.;CORRECTO
¿Quién es el autor del libro 'El juego del dinero' citado en el artículo sobre la riqueza y la clase media?;Gary Stevenson.;No tengo información suficiente en mis archivos.;INCORRECTO
¿Qué plaga específica de insectos devoradores de cultivos acordaron combatir en el pacto de 19 puntos firmado en Cataluña?;No tengo información suficiente en mis archivos.;No tengo información suficiente en mis archivos.;CORRECTO
Según el informe de ISACA en 2024, ¿qué porcentaje de profesionales de ciberseguridad afirma que no cuentan con el presupuesto necesario?;El 52%.;Según el informe de ISACA en 2024, el 52% de los profesionales de ciberseguridad afirma que no cuentan con el presupuesto necesario.;CORRECTO
¿Qué cantidad económica va a inyectar Google.org a la Universidad de Málaga para su programa de seminarios de ciberseguridad?;Un millón de dólares.;Un millón de dólares.;CORRECTO
¿En qué año fundó el empresario israelí Nir Zuk la firma de ciberseguridad Palo Alto Networks?;En el año 2005.;El empresario israelí Nir Zuk fundó la firma de ciberseguridad Palo Alto Networks en el año 2005.;CORRECTO
Según el informe del Observatorio de Digitalización de GoDaddy 2023, ¿qué porcentaje de pymes españolas han sido víctimas de algún ciberataque?;El 60% de las empresas españolas.;"Según el texto, el 60% de las empresas españolas han sido víctimas de algún ataque, aunque no se especifica que el porcentaje sea exclusivo de pymes. Sin embargo, se menciona que el informe del Observatorio de Digitalización de GoDaddy 2023 se refiere a las pymes españolas, por lo que se puede inferir que el porcentaje se refiere a ellas.

La respuesta es: 60%";CORRECTO
¿Para qué sirve específicamente la solución tecnológica HP Sure Recover mencionada en el informe de protección para pymes?;Para ayudar a restaurar rápidamente la funcionalidad del sitio web en caso de ataques o caídas.;La solución tecnológica HP Sure Recover sirve para restaurar rápidamente la funcionalidad del sitio web en caso de ataques o caídas.;CORRECTO
¿Qué grupo de hackers ruso reivindicó el último ataque a la infraestructura de Red Eléctrica?;No tengo información suficiente en mis archivos.;No tengo información suficiente en mis archivos.;CORRECTO
Según el estudio de la Asociación Estadounidense del Corazón, ¿cuántas horas de sueño por noche necesita la mayoría de los adultos?;Entre 7 y 9 horas.;No tengo información suficiente en mis archivos.;INCORRECTO
En el estudio de la Universidad Tecnológica de Sidney sobre la dieta mediterránea, ¿cuántos hombres participaron y de qué rango de edad?;Participaron 71 hombres de edades comprendidas entre 18 y 25 años.;No tengo información suficiente en mis archivos.;INCORRECTO
Según los investigadores, ¿a través de qué vía o nervio específico se comunican las bacterias del tracto intestinal con el cerebro?;A través del nervio vago.;"Según los investigadores, las bacterias del tracto intestinal se comunican con el cerebro a través del nervio vago. Este nervio actúa como una ""autopista bidireccional"" que transmite información en ambos sentidos entre el intestino y el cerebro.";CORRECTO
¿Cuántos participantes se incluyeron en el análisis de datos del estudio SOL-INCA-MRI enfocado en la materia blanca cerebral?;Más de 2.774 participantes.;No tengo información suficiente en mis archivos.;INCORRECTO
De todos los componentes de la dieta mediterránea, ¿qué dos alimentos específicos se asociaban de manera más estrecha con las características deseables de la materia blanca cerebral?;El pescado y los cereales integrales.;Según el estudio, los dos alimentos específicos que se asociaban de manera más estrecha con las características deseables de la materia blanca cerebral son el pescado y los cereales integrales.;CORRECTO
¿En qué revista científica se publicó la nueva declaración de la Asociación Estadounidense del Corazón sobre el sueño y el cardiometabolismo?;En la revista 'Circulation: Cardiovascular Quality and Outcomes'.;La nueva declaración de la Asociación Estadounidense del Corazón sobre el sueño y el cardiometabolismo se publicó en la revista 'Circulation: Cardiovascular Quality and Outcomes'.;CORRECTO
¿En qué hospital español se descubrió que la dieta mediterránea cura clínicamente la depresión profunda en dos semanas?;No tengo información suficiente en mis archivos.;No tengo información suficiente en mis archivos.;CORRECTO